{
  "name": "Shopping Cart",
  "id": "-1",
  "type": 0,
  "content": {
    "nodesMap": {
      "fcn_start_0": {
        "id": "fcn_start_0",
        "content": "Start",
        "nodeType": "start",
        "branches": [
          "fcn_shoppingcart_0",
          "fcn_testanother_0"
        ]
      },
      "fcn_shoppingcart_0": {
        "id": "fcn_shoppingcart_0",
        "content": "Shopping Cart",
        "nodeType": "pathlabel",
        "branches": [
          "fcn_login_0"
        ]
      },
      "fcn_login_0": {
        "id": "fcn_login_0",
        "content": "Login",
        "nodeType": "action",
        "branches": [
          "fcn_checkpath_0"
        ]
      },
      "fcn_addbooks_0": {
        "id": "fcn_addbooks_0",
        "content": "Add $books",
        "nodeType": "action",
        "branches": [
          "fcn_checkpath2_0"
        ]
      },
      "fcn_verifybookstotal_0": {
        "id": "fcn_verifybookstotal_0",
        "content": "Verify $books Total",
        "nodeType": "state",
        "branches": [
          "fcn_logout_0"
        ]
      },
      "fcn_logout_0": {
        "id": "fcn_logout_0",
        "content": "Logout books cart",
        "nodeType": "action",
        "branches": []
      },
      "fcn_checkpath_0": {
        "id": "fcn_checkpath_0",
        "content": "Check Path",
        "nodeType": "dynamic-decision",
        "branches": [
          "fcn_logpath_0",
          "fcn_addbooks_0"
        ]
      },
      "fcn_logpath_0": {
        "id": "fcn_logpath_0",
        "content": "Log Path",
        "nodeType": "action",
        "branches": [
          "fcn_addbooks_0"
        ]
      },
      "fcn_checkpath2_0": {
        "id": "fcn_checkpath2_0",
        "content": "Check path 2",
        "nodeType": "dynamic-decision",
        "branches": [
          "fcn_path2_0",
          "fcn_verifybookstotal_0"
        ]
      },
      "fcn_path2_0": {
        "id": "fcn_path2_0",
        "content": "Path 2",
        "nodeType": "action",
        "branches": [
          "fcn_verifybookstotal_0"
        ]
      },
      "fcn_testanother_0": {
        "id": "fcn_testanother_0",
        "content": "Test another",
        "nodeType": "pathlabel",
        "branches": []
      }
    },
    "positions": {
      "fcn_start_0": {
        "top": 150.0,
        "left": 500.0
      },
      "fcn_shoppingcart_0": {
        "top": 211.0,
        "left": 500.0
      },
      "fcn_login_0": {
        "top": 270.0,
        "left": 500.0
      },
      "fcn_addbooks_0": {
        "top": 441.0,
        "left": 501.0
      },
      "fcn_verifybookstotal_0": {
        "top": 620.1458435058594,
        "left": 498.00001525878906
      },
      "fcn_logout_0": {
        "top": 690.2916870117188,
        "left": 502.00001525878906
      },
      "fcn_checkpath_0": {
        "top": 329.0,
        "left": 500.0
      },
      "fcn_logpath_0": {
        "top": 389.0,
        "left": 780.0
      },
      "fcn_checkpath2_0": {
        "top": 523.1458435058594,
        "left": 509.0000305175781
      },
      "fcn_path2_0": {
        "top": 585.1458435058594,
        "left": 778.0000305175781
      },
      "fcn_testanother_0": {
        "top": 209.0,
        "left": 1084.0000305175781
      }
    },
    "isPrimary": true,
    "pathNames": [
      {
        "pathKey": [
          "fcn_shoppingcart_0",
          "fcn_login_0",
          "fcn_checkpath_0",
          "fcn_addbooks_0",
          "fcn_checkpath2_0",
          "fcn_verifybookstotal_0",
          "fcn_logout_0"
        ],
        "dependsPathUID": "17407270191230",
        "isValidationsEnabled": false
      },
      {
        "pathKey": [
          "fcn_shoppingcart_0",
          "fcn_login_0",
          "fcn_checkpath_0",
          "fcn_logpath_0",
          "fcn_addbooks_0",
          "fcn_checkpath2_0",
          "fcn_verifybookstotal_0",
          "fcn_logout_0"
        ],
        "dependsPathUID": "17407401133551",
        "isValidationsEnabled": false
      },
      {
        "pathKey": [
          "fcn_shoppingcart_0",
          "fcn_login_0",
          "fcn_checkpath_0",
          "fcn_addbooks_0",
          "fcn_checkpath2_0",
          "fcn_path2_0",
          "fcn_verifybookstotal_0",
          "fcn_logout_0"
        ],
        "dependsPathUID": "17407401544082",
        "isValidationsEnabled": false
      },
      {
        "pathKey": [
          "fcn_testanother_0"
        ],
        "dependsPathUID": "17407401797613",
        "isValidationsEnabled": false
      }
    ],
    "flowChartUID": "fcUID_shoppingcart_0",
    "pathExecutionOrder": []
  },
  "enabled": true,
  "parentId": ""
}