{
  "name": "User Registration",
  "id": "-1",
  "type": 0,
  "content": {
    "nodesMap": {
      "fcn_start_0": {
        "id": "fcn_start_0",
        "content": "Start",
        "nodeType": "start",
        "branches": [
          "fcn_userregistration_0"
        ]
      },
      "fcn_userregistration_0": {
        "id": "fcn_userregistration_0",
        "content": "User Registration",
        "nodeType": "pathlabel",
        "branches": [
          "fcn_gotoregisterpage_0"
        ]
      },
      "fcn_gotoregisterpage_0": {
        "id": "fcn_gotoregisterpage_0",
        "content": "Go To Register Page",
        "nodeType": "action",
        "branches": [
          "fcn_registeruser_0"
        ]
      },
      "fcn_registeruser_0": {
        "id": "fcn_registeruser_0",
        "content": "Register $user",
        "nodeType": "action",
        "branches": [
          "fcn_verifyuserregistered_0"
        ]
      },
      "fcn_verifyuserregistered_0": {
        "id": "fcn_verifyuserregistered_0",
        "content": "Verify $user Registered",
        "nodeType": "state",
        "branches": [
          "fcn_logout_0"
        ]
      },
      "fcn_logout_0": {
        "id": "fcn_logout_0",
        "content": "Logout",
        "nodeType": "action",
        "branches": []
      }
    },
    "positions": {
      "fcn_start_0": {
        "top": 150.0,
        "left": 500.0
      },
      "fcn_userregistration_0": {
        "top": 211.0,
        "left": 500.0
      },
      "fcn_gotoregisterpage_0": {
        "top": 270.0,
        "left": 500.0
      },
      "fcn_registeruser_0": {
        "top": 329.0,
        "left": 500.0
      },
      "fcn_verifyuserregistered_0": {
        "top": 394.1562,
        "left": 500.0
      },
      "fcn_logout_0": {
        "top": 459.3020435058594,
        "left": 500.0
      }
    },
    "isPrimary": true,
    "pathNames": [
      {
        "pathKey": [
          "fcn_userregistration_0",
          "fcn_gotoregisterpage_0",
          "fcn_registeruser_0",
          "fcn_verifyuserregistered_0",
          "fcn_logout_0"
        ],
        "dependsPathUID": "17407258537670",
        "isValidationsEnabled": false
      }
    ],
    "flowChartUID": "fcUID_userregistration_0",
    "pathExecutionOrder": []
  },
  "enabled": true,
  "parentId": ""
}