{
  "name": "Login",
  "id": "-1",
  "type": 3,
  "content": {
    "isSystemKeyword": false,
    "title": "Login",
    "specific": [],
    "parameters": [],
    "steps": [
      {
        "commented": false,
        "action": "_setValue",
        "stepParameters": [
          {
            "paramMode": "code",
            "customValue": "_textbox(\"user\")"
          },
          {
            "paramMode": "string",
            "customValue": "test"
          }
        ],
        "stepCategory": "inbuilt",
        "stepType": "Action",
        "specific": []
      },
      {
        "commented": false,
        "action": "_setPassword",
        "stepParameters": [
          {
            "paramMode": "code",
            "customValue": "_password(\"password\")"
          },
          {
            "paramMode": "string",
            "customValue": "secret"
          }
        ],
        "stepCategory": "inbuilt",
        "stepType": "Action",
        "specific": []
      },
      {
        "commented": false,
        "action": "_click",
        "stepParameters": [
          {
            "paramMode": "code",
            "customValue": "_submit(\"Login\")"
          }
        ],
        "stepCategory": "inbuilt",
        "stepType": "Action",
        "specific": []
      }
    ]
  },
  "enabled": false,
  "parentId": ""
}