{
  "name": "Logout books cart",
  "id": "0",
  "type": 3,
  "content": {
    "isSystemKeyword": false,
    "title": "Logout books cart",
    "specific": [],
    "parameters": [],
    "steps": [
      {
        "commented": false,
        "action": "_click",
        "stepParameters": [
          {
            "paramMode": "code",
            "customValue": "_button(\"Logout\")"
          }
        ],
        "stepCategory": "inbuilt",
        "stepType": "Action",
        "specific": []
      }
    ]
  },
  "enabled": false,
  "parentId": ""
}