{
  "name": "Verify $books Total",
  "id": "0",
  "type": 3,
  "content": {
    "isSystemKeyword": false,
    "title": "Verify $books Total",
    "specific": [],
    "parameters": [
      {
        "parameterId": "books_",
        "entityTypeId": "books",
        "suffix": ""
      }
    ],
    "steps": [
      {
        "commented": false,
        "action": "_getText",
        "stepParameters": [
          {
            "paramMode": "code",
            "customValue": "_textbox(\"total\")"
          }
        ],
        "stepCategory": "inbuilt",
        "stepType": "Assert",
        "assertType": "Equals",
        "secondaryParam": {
          "paramMode": "string",
          "customValue": "1650"
        },
        "specific": []
      }
    ]
  },
  "enabled": false,
  "parentId": ""
}