{
  "name": "Verify $user Registered",
  "id": "0",
  "type": 3,
  "content": {
    "isSystemKeyword": false,
    "title": "Verify $user Registered",
    "specific": [],
    "parameters": [
      {
        "parameterId": "user_",
        "entityTypeId": "user",
        "suffix": ""
      }
    ],
    "steps": [
      {
        "commented": false,
        "action": "_getText",
        "stepParameters": [
          {
            "paramMode": "code",
            "customValue": "_heading1(\"Your Account Has Been Created!\")"
          }
        ],
        "stepCategory": "inbuilt",
        "stepType": "Assert",
        "assertType": "Equals",
        "secondaryParam": {
          "paramMode": "string",
          "customValue": "Your Account Has Been Created!"
        },
        "specific": []
      }
    ]
  },
  "enabled": false,
  "parentId": ""
}