{
  "name": "user",
  "id": "-1",
  "type": 1,
  "content": {
    "default": {
      "attr_firstname_0": {
        "name": "firstname",
        "accessors": [
          {
            "id": "acc_textbox_firstname",
            "name": "Firstname Input",
            "accessor": "_textbox(\"firstname\")",
            "messageAccessor": ""
          }
        ],
        "type": "text",
        "props": {
          "prefix": "Virat",
          "min-length": "1",
          "max-length": "3",
          "include-alphabet": "true",
          "include-numeric": "false",
          "include-special": "false"
        },
        "invalidData": [],
        "validData": []
      },
      "attr_lastname_1": {
        "name": "lastname",
        "accessors": [
          {
            "id": "acc_textbox_lastname",
            "name": "Lastname Input",
            "accessor": "_textbox(\"lastname\")",
            "messageAccessor": ""
          }
        ],
        "type": "text",
        "props": {
          "prefix": "Kohli",
          "min-length": "0",
          "max-length": "0"
        },
        "invalidData": [],
        "validData": []
      },
      "attr_email_2": {
        "name": "email",
        "accessors": [
          {
            "id": "acc_emailbox_email",
            "name": "Email Input",
            "accessor": "_emailbox(\"email\")",
            "messageAccessor": ""
          }
        ],
        "type": "email",
        "props": {
          "names": [
            "virat.kohli2802"
          ],
          "domains": [
            "example.com"
          ],
          "add-timestamp": "true"
        },
        "invalidData": [],
        "validData": []
      },
      "attr_telephone_3": {
        "name": "telephone",
        "accessors": [
          {
            "id": "acc_telephonebox_telephone",
            "name": "Telephone Input",
            "accessor": "_telephonebox(\"telephone\")",
            "messageAccessor": ""
          }
        ],
        "type": "number",
        "props": {
          "min": "987654321",
          "max": "987654321"
        },
        "invalidData": [],
        "validData": []
      },
      "attr_password_4": {
        "name": "password",
        "accessors": [
          {
            "id": "acc_password_password",
            "name": "Password Input",
            "accessor": "_password(\"password\")",
            "messageAccessor": ""
          }
        ],
        "type": "simpletext",
        "props": {
          "text": "test",
          "is-password": "true"
        },
        "invalidData": [],
        "validData": []
      }
    }
  },
  "enabled": false,
  "parentId": ""
}